username,email,password
shoptest_0001,shoptest_0001@test.com,TestPass@123
shoptest_0002,shoptest_0002@test.com,TestPass@123
shoptest_0003,shoptest_0003@test.com,TestPass@123
shoptest_0004,shoptest_0004@test.com,TestPass@123
shoptest_0005,shoptest_0005@test.com,TestPass@123
shoptest_0006,shoptest_0006@test.com,TestPass@123
shoptest_0007,shoptest_0007@test.com,TestPass@123
shoptest_0008,shoptest_0008@test.com,TestPass@123
shoptest_0009,shoptest_0009@test.com,TestPass@123
shoptest_0010,shoptest_0010@test.com,TestPass@123
shoptest_0011,shoptest_0011@test.com,TestPass@123
shoptest_0012,shoptest_0012@test.com,TestPass@123
shoptest_0013,shoptest_0013@test.com,TestPass@123
shoptest_0014,shoptest_0014@test.com,TestPass@123
shoptest_0015,shoptest_0015@test.com,TestPass@123
shoptest_0016,shoptest_0016@test.com,TestPass@123
shoptest_0017,shoptest_0017@test.com,TestPass@123
shoptest_0018,shoptest_0018@test.com,TestPass@123
shoptest_0019,shoptest_0019@test.com,TestPass@123
shoptest_0020,shoptest_0020@test.com,TestPass@123
shoptest_0021,shoptest_0021@test.com,TestPass@123
shoptest_0022,shoptest_0022@test.com,TestPass@123
shoptest_0023,shoptest_0023@test.com,TestPass@123
shoptest_0024,shoptest_0024@test.com,TestPass@123
shoptest_0025,shoptest_0025@test.com,TestPass@123
shoptest_0026,shoptest_0026@test.com,TestPass@123
shoptest_0027,shoptest_0027@test.com,TestPass@123
shoptest_0028,shoptest_0028@test.com,TestPass@123
shoptest_0029,shoptest_0029@test.com,TestPass@123
shoptest_0030,shoptest_0030@test.com,TestPass@123
shoptest_0031,shoptest_0031@test.com,TestPass@123
shoptest_0032,shoptest_0032@test.com,TestPass@123
shoptest_0033,shoptest_0033@test.com,TestPass@123
shoptest_0034,shoptest_0034@test.com,TestPass@123
shoptest_0035,shoptest_0035@test.com,TestPass@123
shoptest_0036,shoptest_0036@test.com,TestPass@123
shoptest_0037,shoptest_0037@test.com,TestPass@123
shoptest_0038,shoptest_0038@test.com,TestPass@123
shoptest_0039,shoptest_0039@test.com,TestPass@123
shoptest_0040,shoptest_0040@test.com,TestPass@123
shoptest_0041,shoptest_0041@test.com,TestPass@123
shoptest_0042,shoptest_0042@test.com,TestPass@123
shoptest_0043,shoptest_0043@test.com,TestPass@123
shoptest_0044,shoptest_0044@test.com,TestPass@123
shoptest_0045,shoptest_0045@test.com,TestPass@123
shoptest_0046,shoptest_0046@test.com,TestPass@123
shoptest_0047,shoptest_0047@test.com,TestPass@123
shoptest_0048,shoptest_0048@test.com,TestPass@123
shoptest_0049,shoptest_0049@test.com,TestPass@123
shoptest_0050,shoptest_0050@test.com,TestPass@123
shoptest_0051,shoptest_0051@test.com,TestPass@123
shoptest_0052,shoptest_0052@test.com,TestPass@123
shoptest_0053,shoptest_0053@test.com,TestPass@123
shoptest_0054,shoptest_0054@test.com,TestPass@123
shoptest_0055,shoptest_0055@test.com,TestPass@123
shoptest_0056,shoptest_0056@test.com,TestPass@123
shoptest_0057,shoptest_0057@test.com,TestPass@123
shoptest_0058,shoptest_0058@test.com,TestPass@123
shoptest_0059,shoptest_0059@test.com,TestPass@123
shoptest_0060,shoptest_0060@test.com,TestPass@123
shoptest_0061,shoptest_0061@test.com,TestPass@123
shoptest_0062,shoptest_0062@test.com,TestPass@123
shoptest_0063,shoptest_0063@test.com,TestPass@123
shoptest_0064,shoptest_0064@test.com,TestPass@123
shoptest_0065,shoptest_0065@test.com,TestPass@123
shoptest_0066,shoptest_0066@test.com,TestPass@123
shoptest_0067,shoptest_0067@test.com,TestPass@123
shoptest_0068,shoptest_0068@test.com,TestPass@123
shoptest_0069,shoptest_0069@test.com,TestPass@123
shoptest_0070,shoptest_0070@test.com,TestPass@123
shoptest_0071,shoptest_0071@test.com,TestPass@123
shoptest_0072,shoptest_0072@test.com,TestPass@123
shoptest_0073,shoptest_0073@test.com,TestPass@123
shoptest_0074,shoptest_0074@test.com,TestPass@123
shoptest_0075,shoptest_0075@test.com,TestPass@123
shoptest_0076,shoptest_0076@test.com,TestPass@123
shoptest_0077,shoptest_0077@test.com,TestPass@123
shoptest_0078,shoptest_0078@test.com,TestPass@123
shoptest_0079,shoptest_0079@test.com,TestPass@123
shoptest_0080,shoptest_0080@test.com,TestPass@123
shoptest_0081,shoptest_0081@test.com,TestPass@123
shoptest_0082,shoptest_0082@test.com,TestPass@123
shoptest_0083,shoptest_0083@test.com,TestPass@123
shoptest_0084,shoptest_0084@test.com,TestPass@123
shoptest_0085,shoptest_0085@test.com,TestPass@123
shoptest_0086,shoptest_0086@test.com,TestPass@123
shoptest_0087,shoptest_0087@test.com,TestPass@123
shoptest_0088,shoptest_0088@test.com,TestPass@123
shoptest_0089,shoptest_0089@test.com,TestPass@123
shoptest_0090,shoptest_0090@test.com,TestPass@123
shoptest_0091,shoptest_0091@test.com,TestPass@123
shoptest_0092,shoptest_0092@test.com,TestPass@123
shoptest_0093,shoptest_0093@test.com,TestPass@123
shoptest_0094,shoptest_0094@test.com,TestPass@123
shoptest_0095,shoptest_0095@test.com,TestPass@123
shoptest_0096,shoptest_0096@test.com,TestPass@123
shoptest_0097,shoptest_0097@test.com,TestPass@123
shoptest_0098,shoptest_0098@test.com,TestPass@123
shoptest_0099,shoptest_0099@test.com,TestPass@123
shoptest_0100,shoptest_0100@test.com,TestPass@123
shoptest_0101,shoptest_0101@test.com,TestPass@123
shoptest_0102,shoptest_0102@test.com,TestPass@123
shoptest_0103,shoptest_0103@test.com,TestPass@123
shoptest_0104,shoptest_0104@test.com,TestPass@123
shoptest_0105,shoptest_0105@test.com,TestPass@123
shoptest_0106,shoptest_0106@test.com,TestPass@123
shoptest_0107,shoptest_0107@test.com,TestPass@123
shoptest_0108,shoptest_0108@test.com,TestPass@123
shoptest_0109,shoptest_0109@test.com,TestPass@123
shoptest_0110,shoptest_0110@test.com,TestPass@123
shoptest_0111,shoptest_0111@test.com,TestPass@123
shoptest_0112,shoptest_0112@test.com,TestPass@123
shoptest_0113,shoptest_0113@test.com,TestPass@123
shoptest_0114,shoptest_0114@test.com,TestPass@123
shoptest_0115,shoptest_0115@test.com,TestPass@123
shoptest_0116,shoptest_0116@test.com,TestPass@123
shoptest_0117,shoptest_0117@test.com,TestPass@123
shoptest_0118,shoptest_0118@test.com,TestPass@123
shoptest_0119,shoptest_0119@test.com,TestPass@123
shoptest_0120,shoptest_0120@test.com,TestPass@123
shoptest_0121,shoptest_0121@test.com,TestPass@123
shoptest_0122,shoptest_0122@test.com,TestPass@123
shoptest_0123,shoptest_0123@test.com,TestPass@123
shoptest_0124,shoptest_0124@test.com,TestPass@123
shoptest_0125,shoptest_0125@test.com,TestPass@123
shoptest_0126,shoptest_0126@test.com,TestPass@123
shoptest_0127,shoptest_0127@test.com,TestPass@123
shoptest_0128,shoptest_0128@test.com,TestPass@123
shoptest_0129,shoptest_0129@test.com,TestPass@123
shoptest_0130,shoptest_0130@test.com,TestPass@123
shoptest_0131,shoptest_0131@test.com,TestPass@123
shoptest_0132,shoptest_0132@test.com,TestPass@123
shoptest_0133,shoptest_0133@test.com,TestPass@123
shoptest_0134,shoptest_0134@test.com,TestPass@123
shoptest_0135,shoptest_0135@test.com,TestPass@123
shoptest_0136,shoptest_0136@test.com,TestPass@123
shoptest_0137,shoptest_0137@test.com,TestPass@123
shoptest_0138,shoptest_0138@test.com,TestPass@123
shoptest_0139,shoptest_0139@test.com,TestPass@123
shoptest_0140,shoptest_0140@test.com,TestPass@123
shoptest_0141,shoptest_0141@test.com,TestPass@123
shoptest_0142,shoptest_0142@test.com,TestPass@123
shoptest_0143,shoptest_0143@test.com,TestPass@123
shoptest_0144,shoptest_0144@test.com,TestPass@123
shoptest_0145,shoptest_0145@test.com,TestPass@123
shoptest_0146,shoptest_0146@test.com,TestPass@123
shoptest_0147,shoptest_0147@test.com,TestPass@123
shoptest_0148,shoptest_0148@test.com,TestPass@123
shoptest_0149,shoptest_0149@test.com,TestPass@123
shoptest_0150,shoptest_0150@test.com,TestPass@123
shoptest_0151,shoptest_0151@test.com,TestPass@123
shoptest_0152,shoptest_0152@test.com,TestPass@123
shoptest_0153,shoptest_0153@test.com,TestPass@123
shoptest_0154,shoptest_0154@test.com,TestPass@123
shoptest_0155,shoptest_0155@test.com,TestPass@123
shoptest_0156,shoptest_0156@test.com,TestPass@123
shoptest_0157,shoptest_0157@test.com,TestPass@123
shoptest_0158,shoptest_0158@test.com,TestPass@123
shoptest_0159,shoptest_0159@test.com,TestPass@123
shoptest_0160,shoptest_0160@test.com,TestPass@123
shoptest_0161,shoptest_0161@test.com,TestPass@123
shoptest_0162,shoptest_0162@test.com,TestPass@123
shoptest_0163,shoptest_0163@test.com,TestPass@123
shoptest_0164,shoptest_0164@test.com,TestPass@123
shoptest_0165,shoptest_0165@test.com,TestPass@123
shoptest_0166,shoptest_0166@test.com,TestPass@123
shoptest_0167,shoptest_0167@test.com,TestPass@123
shoptest_0168,shoptest_0168@test.com,TestPass@123
shoptest_0169,shoptest_0169@test.com,TestPass@123
shoptest_0170,shoptest_0170@test.com,TestPass@123
shoptest_0171,shoptest_0171@test.com,TestPass@123
shoptest_0172,shoptest_0172@test.com,TestPass@123
shoptest_0173,shoptest_0173@test.com,TestPass@123
shoptest_0174,shoptest_0174@test.com,TestPass@123
shoptest_0175,shoptest_0175@test.com,TestPass@123
shoptest_0176,shoptest_0176@test.com,TestPass@123
shoptest_0177,shoptest_0177@test.com,TestPass@123
shoptest_0178,shoptest_0178@test.com,TestPass@123
shoptest_0179,shoptest_0179@test.com,TestPass@123
shoptest_0180,shoptest_0180@test.com,TestPass@123
shoptest_0181,shoptest_0181@test.com,TestPass@123
shoptest_0182,shoptest_0182@test.com,TestPass@123
shoptest_0183,shoptest_0183@test.com,TestPass@123
shoptest_0184,shoptest_0184@test.com,TestPass@123
shoptest_0185,shoptest_0185@test.com,TestPass@123
shoptest_0186,shoptest_0186@test.com,TestPass@123
shoptest_0187,shoptest_0187@test.com,TestPass@123
shoptest_0188,shoptest_0188@test.com,TestPass@123
shoptest_0189,shoptest_0189@test.com,TestPass@123
shoptest_0190,shoptest_0190@test.com,TestPass@123
shoptest_0191,shoptest_0191@test.com,TestPass@123
shoptest_0192,shoptest_0192@test.com,TestPass@123
shoptest_0193,shoptest_0193@test.com,TestPass@123
shoptest_0194,shoptest_0194@test.com,TestPass@123
shoptest_0195,shoptest_0195@test.com,TestPass@123
shoptest_0196,shoptest_0196@test.com,TestPass@123
shoptest_0197,shoptest_0197@test.com,TestPass@123
shoptest_0198,shoptest_0198@test.com,TestPass@123
shoptest_0199,shoptest_0199@test.com,TestPass@123
shoptest_0200,shoptest_0200@test.com,TestPass@123
shoptest_0201,shoptest_0201@test.com,TestPass@123
shoptest_0202,shoptest_0202@test.com,TestPass@123
shoptest_0203,shoptest_0203@test.com,TestPass@123
shoptest_0204,shoptest_0204@test.com,TestPass@123
shoptest_0205,shoptest_0205@test.com,TestPass@123
shoptest_0206,shoptest_0206@test.com,TestPass@123
shoptest_0207,shoptest_0207@test.com,TestPass@123
shoptest_0208,shoptest_0208@test.com,TestPass@123
shoptest_0209,shoptest_0209@test.com,TestPass@123
shoptest_0210,shoptest_0210@test.com,TestPass@123
shoptest_0211,shoptest_0211@test.com,TestPass@123
shoptest_0212,shoptest_0212@test.com,TestPass@123
shoptest_0213,shoptest_0213@test.com,TestPass@123
shoptest_0214,shoptest_0214@test.com,TestPass@123
shoptest_0215,shoptest_0215@test.com,TestPass@123
shoptest_0216,shoptest_0216@test.com,TestPass@123
shoptest_0217,shoptest_0217@test.com,TestPass@123
shoptest_0218,shoptest_0218@test.com,TestPass@123
shoptest_0219,shoptest_0219@test.com,TestPass@123
shoptest_0220,shoptest_0220@test.com,TestPass@123
shoptest_0221,shoptest_0221@test.com,TestPass@123
shoptest_0222,shoptest_0222@test.com,TestPass@123
shoptest_0223,shoptest_0223@test.com,TestPass@123
shoptest_0224,shoptest_0224@test.com,TestPass@123
shoptest_0225,shoptest_0225@test.com,TestPass@123
shoptest_0226,shoptest_0226@test.com,TestPass@123
shoptest_0227,shoptest_0227@test.com,TestPass@123
shoptest_0228,shoptest_0228@test.com,TestPass@123
shoptest_0229,shoptest_0229@test.com,TestPass@123
shoptest_0230,shoptest_0230@test.com,TestPass@123
shoptest_0231,shoptest_0231@test.com,TestPass@123
shoptest_0232,shoptest_0232@test.com,TestPass@123
shoptest_0233,shoptest_0233@test.com,TestPass@123
shoptest_0234,shoptest_0234@test.com,TestPass@123
shoptest_0235,shoptest_0235@test.com,TestPass@123
shoptest_0236,shoptest_0236@test.com,TestPass@123
shoptest_0237,shoptest_0237@test.com,TestPass@123
shoptest_0238,shoptest_0238@test.com,TestPass@123
shoptest_0239,shoptest_0239@test.com,TestPass@123
shoptest_0240,shoptest_0240@test.com,TestPass@123
shoptest_0241,shoptest_0241@test.com,TestPass@123
shoptest_0242,shoptest_0242@test.com,TestPass@123
shoptest_0243,shoptest_0243@test.com,TestPass@123
shoptest_0244,shoptest_0244@test.com,TestPass@123
shoptest_0245,shoptest_0245@test.com,TestPass@123
shoptest_0246,shoptest_0246@test.com,TestPass@123
shoptest_0247,shoptest_0247@test.com,TestPass@123
shoptest_0248,shoptest_0248@test.com,TestPass@123
shoptest_0249,shoptest_0249@test.com,TestPass@123
shoptest_0250,shoptest_0250@test.com,TestPass@123
shoptest_0251,shoptest_0251@test.com,TestPass@123
shoptest_0252,shoptest_0252@test.com,TestPass@123
shoptest_0253,shoptest_0253@test.com,TestPass@123
shoptest_0254,shoptest_0254@test.com,TestPass@123
shoptest_0255,shoptest_0255@test.com,TestPass@123
shoptest_0256,shoptest_0256@test.com,TestPass@123
shoptest_0257,shoptest_0257@test.com,TestPass@123
shoptest_0258,shoptest_0258@test.com,TestPass@123
shoptest_0259,shoptest_0259@test.com,TestPass@123
shoptest_0260,shoptest_0260@test.com,TestPass@123
shoptest_0261,shoptest_0261@test.com,TestPass@123
shoptest_0262,shoptest_0262@test.com,TestPass@123
shoptest_0263,shoptest_0263@test.com,TestPass@123
shoptest_0264,shoptest_0264@test.com,TestPass@123
shoptest_0265,shoptest_0265@test.com,TestPass@123
shoptest_0266,shoptest_0266@test.com,TestPass@123
shoptest_0267,shoptest_0267@test.com,TestPass@123
shoptest_0268,shoptest_0268@test.com,TestPass@123
shoptest_0269,shoptest_0269@test.com,TestPass@123
shoptest_0270,shoptest_0270@test.com,TestPass@123
shoptest_0271,shoptest_0271@test.com,TestPass@123
shoptest_0272,shoptest_0272@test.com,TestPass@123
shoptest_0273,shoptest_0273@test.com,TestPass@123
shoptest_0274,shoptest_0274@test.com,TestPass@123
shoptest_0275,shoptest_0275@test.com,TestPass@123
shoptest_0276,shoptest_0276@test.com,TestPass@123
shoptest_0277,shoptest_0277@test.com,TestPass@123
shoptest_0278,shoptest_0278@test.com,TestPass@123
shoptest_0279,shoptest_0279@test.com,TestPass@123
shoptest_0280,shoptest_0280@test.com,TestPass@123
shoptest_0281,shoptest_0281@test.com,TestPass@123
shoptest_0282,shoptest_0282@test.com,TestPass@123
shoptest_0283,shoptest_0283@test.com,TestPass@123
shoptest_0284,shoptest_0284@test.com,TestPass@123
shoptest_0285,shoptest_0285@test.com,TestPass@123
shoptest_0286,shoptest_0286@test.com,TestPass@123
shoptest_0287,shoptest_0287@test.com,TestPass@123
shoptest_0288,shoptest_0288@test.com,TestPass@123
shoptest_0289,shoptest_0289@test.com,TestPass@123
shoptest_0290,shoptest_0290@test.com,TestPass@123
shoptest_0291,shoptest_0291@test.com,TestPass@123
shoptest_0292,shoptest_0292@test.com,TestPass@123
shoptest_0293,shoptest_0293@test.com,TestPass@123
shoptest_0294,shoptest_0294@test.com,TestPass@123
shoptest_0295,shoptest_0295@test.com,TestPass@123
shoptest_0296,shoptest_0296@test.com,TestPass@123
shoptest_0297,shoptest_0297@test.com,TestPass@123
shoptest_0298,shoptest_0298@test.com,TestPass@123
shoptest_0299,shoptest_0299@test.com,TestPass@123
shoptest_0300,shoptest_0300@test.com,TestPass@123
shoptest_0301,shoptest_0301@test.com,TestPass@123
shoptest_0302,shoptest_0302@test.com,TestPass@123
shoptest_0303,shoptest_0303@test.com,TestPass@123
shoptest_0304,shoptest_0304@test.com,TestPass@123
shoptest_0305,shoptest_0305@test.com,TestPass@123
shoptest_0306,shoptest_0306@test.com,TestPass@123
shoptest_0307,shoptest_0307@test.com,TestPass@123
shoptest_0308,shoptest_0308@test.com,TestPass@123
shoptest_0309,shoptest_0309@test.com,TestPass@123
shoptest_0310,shoptest_0310@test.com,TestPass@123
shoptest_0311,shoptest_0311@test.com,TestPass@123
shoptest_0312,shoptest_0312@test.com,TestPass@123
shoptest_0313,shoptest_0313@test.com,TestPass@123
shoptest_0314,shoptest_0314@test.com,TestPass@123
shoptest_0315,shoptest_0315@test.com,TestPass@123
shoptest_0316,shoptest_0316@test.com,TestPass@123
shoptest_0317,shoptest_0317@test.com,TestPass@123
shoptest_0318,shoptest_0318@test.com,TestPass@123
shoptest_0319,shoptest_0319@test.com,TestPass@123
shoptest_0320,shoptest_0320@test.com,TestPass@123
shoptest_0321,shoptest_0321@test.com,TestPass@123
shoptest_0322,shoptest_0322@test.com,TestPass@123
shoptest_0323,shoptest_0323@test.com,TestPass@123
shoptest_0324,shoptest_0324@test.com,TestPass@123
shoptest_0325,shoptest_0325@test.com,TestPass@123
shoptest_0326,shoptest_0326@test.com,TestPass@123
shoptest_0327,shoptest_0327@test.com,TestPass@123
shoptest_0328,shoptest_0328@test.com,TestPass@123
shoptest_0329,shoptest_0329@test.com,TestPass@123
shoptest_0330,shoptest_0330@test.com,TestPass@123
shoptest_0331,shoptest_0331@test.com,TestPass@123
shoptest_0332,shoptest_0332@test.com,TestPass@123
shoptest_0333,shoptest_0333@test.com,TestPass@123
shoptest_0334,shoptest_0334@test.com,TestPass@123
shoptest_0335,shoptest_0335@test.com,TestPass@123
shoptest_0336,shoptest_0336@test.com,TestPass@123
shoptest_0337,shoptest_0337@test.com,TestPass@123
shoptest_0338,shoptest_0338@test.com,TestPass@123
shoptest_0339,shoptest_0339@test.com,TestPass@123
shoptest_0340,shoptest_0340@test.com,TestPass@123
shoptest_0341,shoptest_0341@test.com,TestPass@123
shoptest_0342,shoptest_0342@test.com,TestPass@123
shoptest_0343,shoptest_0343@test.com,TestPass@123
shoptest_0344,shoptest_0344@test.com,TestPass@123
shoptest_0345,shoptest_0345@test.com,TestPass@123
shoptest_0346,shoptest_0346@test.com,TestPass@123
shoptest_0347,shoptest_0347@test.com,TestPass@123
shoptest_0348,shoptest_0348@test.com,TestPass@123
shoptest_0349,shoptest_0349@test.com,TestPass@123
shoptest_0350,shoptest_0350@test.com,TestPass@123
shoptest_0351,shoptest_0351@test.com,TestPass@123
shoptest_0352,shoptest_0352@test.com,TestPass@123
shoptest_0353,shoptest_0353@test.com,TestPass@123
shoptest_0354,shoptest_0354@test.com,TestPass@123
shoptest_0355,shoptest_0355@test.com,TestPass@123
shoptest_0356,shoptest_0356@test.com,TestPass@123
shoptest_0357,shoptest_0357@test.com,TestPass@123
shoptest_0358,shoptest_0358@test.com,TestPass@123
shoptest_0359,shoptest_0359@test.com,TestPass@123
shoptest_0360,shoptest_0360@test.com,TestPass@123
shoptest_0361,shoptest_0361@test.com,TestPass@123
shoptest_0362,shoptest_0362@test.com,TestPass@123
shoptest_0363,shoptest_0363@test.com,TestPass@123
shoptest_0364,shoptest_0364@test.com,TestPass@123
shoptest_0365,shoptest_0365@test.com,TestPass@123
shoptest_0366,shoptest_0366@test.com,TestPass@123
shoptest_0367,shoptest_0367@test.com,TestPass@123
shoptest_0368,shoptest_0368@test.com,TestPass@123
shoptest_0369,shoptest_0369@test.com,TestPass@123
shoptest_0370,shoptest_0370@test.com,TestPass@123
shoptest_0371,shoptest_0371@test.com,TestPass@123
shoptest_0372,shoptest_0372@test.com,TestPass@123
shoptest_0373,shoptest_0373@test.com,TestPass@123
shoptest_0374,shoptest_0374@test.com,TestPass@123
shoptest_0375,shoptest_0375@test.com,TestPass@123
shoptest_0376,shoptest_0376@test.com,TestPass@123
shoptest_0377,shoptest_0377@test.com,TestPass@123
shoptest_0378,shoptest_0378@test.com,TestPass@123
shoptest_0379,shoptest_0379@test.com,TestPass@123
shoptest_0380,shoptest_0380@test.com,TestPass@123
shoptest_0381,shoptest_0381@test.com,TestPass@123
shoptest_0382,shoptest_0382@test.com,TestPass@123
shoptest_0383,shoptest_0383@test.com,TestPass@123
shoptest_0384,shoptest_0384@test.com,TestPass@123
shoptest_0385,shoptest_0385@test.com,TestPass@123
shoptest_0386,shoptest_0386@test.com,TestPass@123
shoptest_0387,shoptest_0387@test.com,TestPass@123
shoptest_0388,shoptest_0388@test.com,TestPass@123
shoptest_0389,shoptest_0389@test.com,TestPass@123
shoptest_0390,shoptest_0390@test.com,TestPass@123
shoptest_0391,shoptest_0391@test.com,TestPass@123
shoptest_0392,shoptest_0392@test.com,TestPass@123
shoptest_0393,shoptest_0393@test.com,TestPass@123
shoptest_0394,shoptest_0394@test.com,TestPass@123
shoptest_0395,shoptest_0395@test.com,TestPass@123
shoptest_0396,shoptest_0396@test.com,TestPass@123
shoptest_0397,shoptest_0397@test.com,TestPass@123
shoptest_0398,shoptest_0398@test.com,TestPass@123
shoptest_0399,shoptest_0399@test.com,TestPass@123
shoptest_0400,shoptest_0400@test.com,TestPass@123
shoptest_0401,shoptest_0401@test.com,TestPass@123
shoptest_0402,shoptest_0402@test.com,TestPass@123
shoptest_0403,shoptest_0403@test.com,TestPass@123
shoptest_0404,shoptest_0404@test.com,TestPass@123
shoptest_0405,shoptest_0405@test.com,TestPass@123
shoptest_0406,shoptest_0406@test.com,TestPass@123
shoptest_0407,shoptest_0407@test.com,TestPass@123
shoptest_0408,shoptest_0408@test.com,TestPass@123
shoptest_0409,shoptest_0409@test.com,TestPass@123
shoptest_0410,shoptest_0410@test.com,TestPass@123
shoptest_0411,shoptest_0411@test.com,TestPass@123
shoptest_0412,shoptest_0412@test.com,TestPass@123
shoptest_0413,shoptest_0413@test.com,TestPass@123
shoptest_0414,shoptest_0414@test.com,TestPass@123
shoptest_0415,shoptest_0415@test.com,TestPass@123
shoptest_0416,shoptest_0416@test.com,TestPass@123
shoptest_0417,shoptest_0417@test.com,TestPass@123
shoptest_0418,shoptest_0418@test.com,TestPass@123
shoptest_0419,shoptest_0419@test.com,TestPass@123
shoptest_0420,shoptest_0420@test.com,TestPass@123
shoptest_0421,shoptest_0421@test.com,TestPass@123
shoptest_0422,shoptest_0422@test.com,TestPass@123
shoptest_0423,shoptest_0423@test.com,TestPass@123
shoptest_0424,shoptest_0424@test.com,TestPass@123
shoptest_0425,shoptest_0425@test.com,TestPass@123
shoptest_0426,shoptest_0426@test.com,TestPass@123
shoptest_0427,shoptest_0427@test.com,TestPass@123
shoptest_0428,shoptest_0428@test.com,TestPass@123
shoptest_0429,shoptest_0429@test.com,TestPass@123
shoptest_0430,shoptest_0430@test.com,TestPass@123
shoptest_0431,shoptest_0431@test.com,TestPass@123
shoptest_0432,shoptest_0432@test.com,TestPass@123
shoptest_0433,shoptest_0433@test.com,TestPass@123
shoptest_0434,shoptest_0434@test.com,TestPass@123
shoptest_0435,shoptest_0435@test.com,TestPass@123
shoptest_0436,shoptest_0436@test.com,TestPass@123
shoptest_0437,shoptest_0437@test.com,TestPass@123
shoptest_0438,shoptest_0438@test.com,TestPass@123
shoptest_0439,shoptest_0439@test.com,TestPass@123
shoptest_0440,shoptest_0440@test.com,TestPass@123
shoptest_0441,shoptest_0441@test.com,TestPass@123
shoptest_0442,shoptest_0442@test.com,TestPass@123
shoptest_0443,shoptest_0443@test.com,TestPass@123
shoptest_0444,shoptest_0444@test.com,TestPass@123
shoptest_0445,shoptest_0445@test.com,TestPass@123
shoptest_0446,shoptest_0446@test.com,TestPass@123
shoptest_0447,shoptest_0447@test.com,TestPass@123
shoptest_0448,shoptest_0448@test.com,TestPass@123
shoptest_0449,shoptest_0449@test.com,TestPass@123
shoptest_0450,shoptest_0450@test.com,TestPass@123
shoptest_0451,shoptest_0451@test.com,TestPass@123
shoptest_0452,shoptest_0452@test.com,TestPass@123
shoptest_0453,shoptest_0453@test.com,TestPass@123
shoptest_0454,shoptest_0454@test.com,TestPass@123
shoptest_0455,shoptest_0455@test.com,TestPass@123
shoptest_0456,shoptest_0456@test.com,TestPass@123
shoptest_0457,shoptest_0457@test.com,TestPass@123
shoptest_0458,shoptest_0458@test.com,TestPass@123
shoptest_0459,shoptest_0459@test.com,TestPass@123
shoptest_0460,shoptest_0460@test.com,TestPass@123
shoptest_0461,shoptest_0461@test.com,TestPass@123
shoptest_0462,shoptest_0462@test.com,TestPass@123
shoptest_0463,shoptest_0463@test.com,TestPass@123
shoptest_0464,shoptest_0464@test.com,TestPass@123
shoptest_0465,shoptest_0465@test.com,TestPass@123
shoptest_0466,shoptest_0466@test.com,TestPass@123
shoptest_0467,shoptest_0467@test.com,TestPass@123
shoptest_0468,shoptest_0468@test.com,TestPass@123
shoptest_0469,shoptest_0469@test.com,TestPass@123
shoptest_0470,shoptest_0470@test.com,TestPass@123
shoptest_0471,shoptest_0471@test.com,TestPass@123
shoptest_0472,shoptest_0472@test.com,TestPass@123
shoptest_0473,shoptest_0473@test.com,TestPass@123
shoptest_0474,shoptest_0474@test.com,TestPass@123
shoptest_0475,shoptest_0475@test.com,TestPass@123
shoptest_0476,shoptest_0476@test.com,TestPass@123
shoptest_0477,shoptest_0477@test.com,TestPass@123
shoptest_0478,shoptest_0478@test.com,TestPass@123
shoptest_0479,shoptest_0479@test.com,TestPass@123
shoptest_0480,shoptest_0480@test.com,TestPass@123
shoptest_0481,shoptest_0481@test.com,TestPass@123
shoptest_0482,shoptest_0482@test.com,TestPass@123
shoptest_0483,shoptest_0483@test.com,TestPass@123
shoptest_0484,shoptest_0484@test.com,TestPass@123
shoptest_0485,shoptest_0485@test.com,TestPass@123
shoptest_0486,shoptest_0486@test.com,TestPass@123
shoptest_0487,shoptest_0487@test.com,TestPass@123
shoptest_0488,shoptest_0488@test.com,TestPass@123
shoptest_0489,shoptest_0489@test.com,TestPass@123
shoptest_0490,shoptest_0490@test.com,TestPass@123
shoptest_0491,shoptest_0491@test.com,TestPass@123
shoptest_0492,shoptest_0492@test.com,TestPass@123
shoptest_0493,shoptest_0493@test.com,TestPass@123
shoptest_0494,shoptest_0494@test.com,TestPass@123
shoptest_0495,shoptest_0495@test.com,TestPass@123
shoptest_0496,shoptest_0496@test.com,TestPass@123
shoptest_0497,shoptest_0497@test.com,TestPass@123
shoptest_0498,shoptest_0498@test.com,TestPass@123
shoptest_0499,shoptest_0499@test.com,TestPass@123
shoptest_0500,shoptest_0500@test.com,TestPass@123
shoptest_0501,shoptest_0501@test.com,TestPass@123
shoptest_0502,shoptest_0502@test.com,TestPass@123
shoptest_0503,shoptest_0503@test.com,TestPass@123
shoptest_0504,shoptest_0504@test.com,TestPass@123
shoptest_0505,shoptest_0505@test.com,TestPass@123
shoptest_0506,shoptest_0506@test.com,TestPass@123
shoptest_0507,shoptest_0507@test.com,TestPass@123
shoptest_0508,shoptest_0508@test.com,TestPass@123
shoptest_0509,shoptest_0509@test.com,TestPass@123
shoptest_0510,shoptest_0510@test.com,TestPass@123
shoptest_0511,shoptest_0511@test.com,TestPass@123
shoptest_0512,shoptest_0512@test.com,TestPass@123
shoptest_0513,shoptest_0513@test.com,TestPass@123
shoptest_0514,shoptest_0514@test.com,TestPass@123
shoptest_0515,shoptest_0515@test.com,TestPass@123
shoptest_0516,shoptest_0516@test.com,TestPass@123
shoptest_0517,shoptest_0517@test.com,TestPass@123
shoptest_0518,shoptest_0518@test.com,TestPass@123
shoptest_0519,shoptest_0519@test.com,TestPass@123
shoptest_0520,shoptest_0520@test.com,TestPass@123
shoptest_0521,shoptest_0521@test.com,TestPass@123
shoptest_0522,shoptest_0522@test.com,TestPass@123
shoptest_0523,shoptest_0523@test.com,TestPass@123
shoptest_0524,shoptest_0524@test.com,TestPass@123
shoptest_0525,shoptest_0525@test.com,TestPass@123
shoptest_0526,shoptest_0526@test.com,TestPass@123
shoptest_0527,shoptest_0527@test.com,TestPass@123
shoptest_0528,shoptest_0528@test.com,TestPass@123
shoptest_0529,shoptest_0529@test.com,TestPass@123
shoptest_0530,shoptest_0530@test.com,TestPass@123
shoptest_0531,shoptest_0531@test.com,TestPass@123
shoptest_0532,shoptest_0532@test.com,TestPass@123
shoptest_0533,shoptest_0533@test.com,TestPass@123
shoptest_0534,shoptest_0534@test.com,TestPass@123
shoptest_0535,shoptest_0535@test.com,TestPass@123
shoptest_0536,shoptest_0536@test.com,TestPass@123
shoptest_0537,shoptest_0537@test.com,TestPass@123
shoptest_0538,shoptest_0538@test.com,TestPass@123
shoptest_0539,shoptest_0539@test.com,TestPass@123
shoptest_0540,shoptest_0540@test.com,TestPass@123
shoptest_0541,shoptest_0541@test.com,TestPass@123
shoptest_0542,shoptest_0542@test.com,TestPass@123
shoptest_0543,shoptest_0543@test.com,TestPass@123
shoptest_0544,shoptest_0544@test.com,TestPass@123
shoptest_0545,shoptest_0545@test.com,TestPass@123
shoptest_0546,shoptest_0546@test.com,TestPass@123
shoptest_0547,shoptest_0547@test.com,TestPass@123
shoptest_0548,shoptest_0548@test.com,TestPass@123
shoptest_0549,shoptest_0549@test.com,TestPass@123
shoptest_0550,shoptest_0550@test.com,TestPass@123
shoptest_0551,shoptest_0551@test.com,TestPass@123
shoptest_0552,shoptest_0552@test.com,TestPass@123
shoptest_0553,shoptest_0553@test.com,TestPass@123
shoptest_0554,shoptest_0554@test.com,TestPass@123
shoptest_0555,shoptest_0555@test.com,TestPass@123
shoptest_0556,shoptest_0556@test.com,TestPass@123
shoptest_0557,shoptest_0557@test.com,TestPass@123
shoptest_0558,shoptest_0558@test.com,TestPass@123
shoptest_0559,shoptest_0559@test.com,TestPass@123
shoptest_0560,shoptest_0560@test.com,TestPass@123
shoptest_0561,shoptest_0561@test.com,TestPass@123
shoptest_0562,shoptest_0562@test.com,TestPass@123
shoptest_0563,shoptest_0563@test.com,TestPass@123
shoptest_0564,shoptest_0564@test.com,TestPass@123
shoptest_0565,shoptest_0565@test.com,TestPass@123
shoptest_0566,shoptest_0566@test.com,TestPass@123
shoptest_0567,shoptest_0567@test.com,TestPass@123
shoptest_0568,shoptest_0568@test.com,TestPass@123
shoptest_0569,shoptest_0569@test.com,TestPass@123
shoptest_0570,shoptest_0570@test.com,TestPass@123
shoptest_0571,shoptest_0571@test.com,TestPass@123
shoptest_0572,shoptest_0572@test.com,TestPass@123
shoptest_0573,shoptest_0573@test.com,TestPass@123
shoptest_0574,shoptest_0574@test.com,TestPass@123
shoptest_0575,shoptest_0575@test.com,TestPass@123
shoptest_0576,shoptest_0576@test.com,TestPass@123
shoptest_0577,shoptest_0577@test.com,TestPass@123
shoptest_0578,shoptest_0578@test.com,TestPass@123
shoptest_0579,shoptest_0579@test.com,TestPass@123
shoptest_0580,shoptest_0580@test.com,TestPass@123
shoptest_0581,shoptest_0581@test.com,TestPass@123
shoptest_0582,shoptest_0582@test.com,TestPass@123
shoptest_0583,shoptest_0583@test.com,TestPass@123
shoptest_0584,shoptest_0584@test.com,TestPass@123
shoptest_0585,shoptest_0585@test.com,TestPass@123
shoptest_0586,shoptest_0586@test.com,TestPass@123
shoptest_0587,shoptest_0587@test.com,TestPass@123
shoptest_0588,shoptest_0588@test.com,TestPass@123
shoptest_0589,shoptest_0589@test.com,TestPass@123
shoptest_0590,shoptest_0590@test.com,TestPass@123
shoptest_0591,shoptest_0591@test.com,TestPass@123
shoptest_0592,shoptest_0592@test.com,TestPass@123
shoptest_0593,shoptest_0593@test.com,TestPass@123
shoptest_0594,shoptest_0594@test.com,TestPass@123
shoptest_0595,shoptest_0595@test.com,TestPass@123
shoptest_0596,shoptest_0596@test.com,TestPass@123
shoptest_0597,shoptest_0597@test.com,TestPass@123
shoptest_0598,shoptest_0598@test.com,TestPass@123
shoptest_0599,shoptest_0599@test.com,TestPass@123
shoptest_0600,shoptest_0600@test.com,TestPass@123
shoptest_0601,shoptest_0601@test.com,TestPass@123
shoptest_0602,shoptest_0602@test.com,TestPass@123
shoptest_0603,shoptest_0603@test.com,TestPass@123
shoptest_0604,shoptest_0604@test.com,TestPass@123
shoptest_0605,shoptest_0605@test.com,TestPass@123
shoptest_0606,shoptest_0606@test.com,TestPass@123
shoptest_0607,shoptest_0607@test.com,TestPass@123
shoptest_0608,shoptest_0608@test.com,TestPass@123
shoptest_0609,shoptest_0609@test.com,TestPass@123
shoptest_0610,shoptest_0610@test.com,TestPass@123
shoptest_0611,shoptest_0611@test.com,TestPass@123
shoptest_0612,shoptest_0612@test.com,TestPass@123
shoptest_0613,shoptest_0613@test.com,TestPass@123
shoptest_0614,shoptest_0614@test.com,TestPass@123
shoptest_0615,shoptest_0615@test.com,TestPass@123
shoptest_0616,shoptest_0616@test.com,TestPass@123
shoptest_0617,shoptest_0617@test.com,TestPass@123
shoptest_0618,shoptest_0618@test.com,TestPass@123
shoptest_0619,shoptest_0619@test.com,TestPass@123
shoptest_0620,shoptest_0620@test.com,TestPass@123
shoptest_0621,shoptest_0621@test.com,TestPass@123
shoptest_0622,shoptest_0622@test.com,TestPass@123
shoptest_0623,shoptest_0623@test.com,TestPass@123
shoptest_0624,shoptest_0624@test.com,TestPass@123
shoptest_0625,shoptest_0625@test.com,TestPass@123
shoptest_0626,shoptest_0626@test.com,TestPass@123
shoptest_0627,shoptest_0627@test.com,TestPass@123
shoptest_0628,shoptest_0628@test.com,TestPass@123
shoptest_0629,shoptest_0629@test.com,TestPass@123
shoptest_0630,shoptest_0630@test.com,TestPass@123
shoptest_0631,shoptest_0631@test.com,TestPass@123
shoptest_0632,shoptest_0632@test.com,TestPass@123
shoptest_0633,shoptest_0633@test.com,TestPass@123
shoptest_0634,shoptest_0634@test.com,TestPass@123
shoptest_0635,shoptest_0635@test.com,TestPass@123
shoptest_0636,shoptest_0636@test.com,TestPass@123
shoptest_0637,shoptest_0637@test.com,TestPass@123
shoptest_0638,shoptest_0638@test.com,TestPass@123
shoptest_0639,shoptest_0639@test.com,TestPass@123
shoptest_0640,shoptest_0640@test.com,TestPass@123
shoptest_0641,shoptest_0641@test.com,TestPass@123
shoptest_0642,shoptest_0642@test.com,TestPass@123
shoptest_0643,shoptest_0643@test.com,TestPass@123
shoptest_0644,shoptest_0644@test.com,TestPass@123
shoptest_0645,shoptest_0645@test.com,TestPass@123
shoptest_0646,shoptest_0646@test.com,TestPass@123
shoptest_0647,shoptest_0647@test.com,TestPass@123
shoptest_0648,shoptest_0648@test.com,TestPass@123
shoptest_0649,shoptest_0649@test.com,TestPass@123
shoptest_0650,shoptest_0650@test.com,TestPass@123
shoptest_0651,shoptest_0651@test.com,TestPass@123
shoptest_0652,shoptest_0652@test.com,TestPass@123
shoptest_0653,shoptest_0653@test.com,TestPass@123
shoptest_0654,shoptest_0654@test.com,TestPass@123
shoptest_0655,shoptest_0655@test.com,TestPass@123
shoptest_0656,shoptest_0656@test.com,TestPass@123
shoptest_0657,shoptest_0657@test.com,TestPass@123
shoptest_0658,shoptest_0658@test.com,TestPass@123
shoptest_0659,shoptest_0659@test.com,TestPass@123
shoptest_0660,shoptest_0660@test.com,TestPass@123
shoptest_0661,shoptest_0661@test.com,TestPass@123
shoptest_0662,shoptest_0662@test.com,TestPass@123
shoptest_0663,shoptest_0663@test.com,TestPass@123
shoptest_0664,shoptest_0664@test.com,TestPass@123
shoptest_0665,shoptest_0665@test.com,TestPass@123
shoptest_0666,shoptest_0666@test.com,TestPass@123
shoptest_0667,shoptest_0667@test.com,TestPass@123
shoptest_0668,shoptest_0668@test.com,TestPass@123
shoptest_0669,shoptest_0669@test.com,TestPass@123
shoptest_0670,shoptest_0670@test.com,TestPass@123
shoptest_0671,shoptest_0671@test.com,TestPass@123
shoptest_0672,shoptest_0672@test.com,TestPass@123
shoptest_0673,shoptest_0673@test.com,TestPass@123
shoptest_0674,shoptest_0674@test.com,TestPass@123
shoptest_0675,shoptest_0675@test.com,TestPass@123
shoptest_0676,shoptest_0676@test.com,TestPass@123
shoptest_0677,shoptest_0677@test.com,TestPass@123
shoptest_0678,shoptest_0678@test.com,TestPass@123
shoptest_0679,shoptest_0679@test.com,TestPass@123
shoptest_0680,shoptest_0680@test.com,TestPass@123
shoptest_0681,shoptest_0681@test.com,TestPass@123
shoptest_0682,shoptest_0682@test.com,TestPass@123
shoptest_0683,shoptest_0683@test.com,TestPass@123
shoptest_0684,shoptest_0684@test.com,TestPass@123
shoptest_0685,shoptest_0685@test.com,TestPass@123
shoptest_0686,shoptest_0686@test.com,TestPass@123
shoptest_0687,shoptest_0687@test.com,TestPass@123
shoptest_0688,shoptest_0688@test.com,TestPass@123
shoptest_0689,shoptest_0689@test.com,TestPass@123
shoptest_0690,shoptest_0690@test.com,TestPass@123
shoptest_0691,shoptest_0691@test.com,TestPass@123
shoptest_0692,shoptest_0692@test.com,TestPass@123
shoptest_0693,shoptest_0693@test.com,TestPass@123
shoptest_0694,shoptest_0694@test.com,TestPass@123
shoptest_0695,shoptest_0695@test.com,TestPass@123
shoptest_0696,shoptest_0696@test.com,TestPass@123
shoptest_0697,shoptest_0697@test.com,TestPass@123
shoptest_0698,shoptest_0698@test.com,TestPass@123
shoptest_0699,shoptest_0699@test.com,TestPass@123
shoptest_0700,shoptest_0700@test.com,TestPass@123
shoptest_0701,shoptest_0701@test.com,TestPass@123
shoptest_0702,shoptest_0702@test.com,TestPass@123
shoptest_0703,shoptest_0703@test.com,TestPass@123
shoptest_0704,shoptest_0704@test.com,TestPass@123
shoptest_0705,shoptest_0705@test.com,TestPass@123
shoptest_0706,shoptest_0706@test.com,TestPass@123
shoptest_0707,shoptest_0707@test.com,TestPass@123
shoptest_0708,shoptest_0708@test.com,TestPass@123
shoptest_0709,shoptest_0709@test.com,TestPass@123
shoptest_0710,shoptest_0710@test.com,TestPass@123
shoptest_0711,shoptest_0711@test.com,TestPass@123
shoptest_0712,shoptest_0712@test.com,TestPass@123
shoptest_0713,shoptest_0713@test.com,TestPass@123
shoptest_0714,shoptest_0714@test.com,TestPass@123
shoptest_0715,shoptest_0715@test.com,TestPass@123
shoptest_0716,shoptest_0716@test.com,TestPass@123
shoptest_0717,shoptest_0717@test.com,TestPass@123
shoptest_0718,shoptest_0718@test.com,TestPass@123
shoptest_0719,shoptest_0719@test.com,TestPass@123
shoptest_0720,shoptest_0720@test.com,TestPass@123
shoptest_0721,shoptest_0721@test.com,TestPass@123
shoptest_0722,shoptest_0722@test.com,TestPass@123
shoptest_0723,shoptest_0723@test.com,TestPass@123
shoptest_0724,shoptest_0724@test.com,TestPass@123
shoptest_0725,shoptest_0725@test.com,TestPass@123
shoptest_0726,shoptest_0726@test.com,TestPass@123
shoptest_0727,shoptest_0727@test.com,TestPass@123
shoptest_0728,shoptest_0728@test.com,TestPass@123
shoptest_0729,shoptest_0729@test.com,TestPass@123
shoptest_0730,shoptest_0730@test.com,TestPass@123
shoptest_0731,shoptest_0731@test.com,TestPass@123
shoptest_0732,shoptest_0732@test.com,TestPass@123
shoptest_0733,shoptest_0733@test.com,TestPass@123
shoptest_0734,shoptest_0734@test.com,TestPass@123
shoptest_0735,shoptest_0735@test.com,TestPass@123
shoptest_0736,shoptest_0736@test.com,TestPass@123
shoptest_0737,shoptest_0737@test.com,TestPass@123
shoptest_0738,shoptest_0738@test.com,TestPass@123
shoptest_0739,shoptest_0739@test.com,TestPass@123
shoptest_0740,shoptest_0740@test.com,TestPass@123
shoptest_0741,shoptest_0741@test.com,TestPass@123
shoptest_0742,shoptest_0742@test.com,TestPass@123
shoptest_0743,shoptest_0743@test.com,TestPass@123
shoptest_0744,shoptest_0744@test.com,TestPass@123
shoptest_0745,shoptest_0745@test.com,TestPass@123
shoptest_0746,shoptest_0746@test.com,TestPass@123
shoptest_0747,shoptest_0747@test.com,TestPass@123
shoptest_0748,shoptest_0748@test.com,TestPass@123
shoptest_0749,shoptest_0749@test.com,TestPass@123
shoptest_0750,shoptest_0750@test.com,TestPass@123
shoptest_0751,shoptest_0751@test.com,TestPass@123
shoptest_0752,shoptest_0752@test.com,TestPass@123
shoptest_0753,shoptest_0753@test.com,TestPass@123
shoptest_0754,shoptest_0754@test.com,TestPass@123
shoptest_0755,shoptest_0755@test.com,TestPass@123
shoptest_0756,shoptest_0756@test.com,TestPass@123
shoptest_0757,shoptest_0757@test.com,TestPass@123
shoptest_0758,shoptest_0758@test.com,TestPass@123
shoptest_0759,shoptest_0759@test.com,TestPass@123
shoptest_0760,shoptest_0760@test.com,TestPass@123
shoptest_0761,shoptest_0761@test.com,TestPass@123
shoptest_0762,shoptest_0762@test.com,TestPass@123
shoptest_0763,shoptest_0763@test.com,TestPass@123
shoptest_0764,shoptest_0764@test.com,TestPass@123
shoptest_0765,shoptest_0765@test.com,TestPass@123
shoptest_0766,shoptest_0766@test.com,TestPass@123
shoptest_0767,shoptest_0767@test.com,TestPass@123
shoptest_0768,shoptest_0768@test.com,TestPass@123
shoptest_0769,shoptest_0769@test.com,TestPass@123
shoptest_0770,shoptest_0770@test.com,TestPass@123
shoptest_0771,shoptest_0771@test.com,TestPass@123
shoptest_0772,shoptest_0772@test.com,TestPass@123
shoptest_0773,shoptest_0773@test.com,TestPass@123
shoptest_0774,shoptest_0774@test.com,TestPass@123
shoptest_0775,shoptest_0775@test.com,TestPass@123
shoptest_0776,shoptest_0776@test.com,TestPass@123
shoptest_0777,shoptest_0777@test.com,TestPass@123
shoptest_0778,shoptest_0778@test.com,TestPass@123
shoptest_0779,shoptest_0779@test.com,TestPass@123
shoptest_0780,shoptest_0780@test.com,TestPass@123
shoptest_0781,shoptest_0781@test.com,TestPass@123
shoptest_0782,shoptest_0782@test.com,TestPass@123
shoptest_0783,shoptest_0783@test.com,TestPass@123
shoptest_0784,shoptest_0784@test.com,TestPass@123
shoptest_0785,shoptest_0785@test.com,TestPass@123
shoptest_0786,shoptest_0786@test.com,TestPass@123
shoptest_0787,shoptest_0787@test.com,TestPass@123
shoptest_0788,shoptest_0788@test.com,TestPass@123
shoptest_0789,shoptest_0789@test.com,TestPass@123
shoptest_0790,shoptest_0790@test.com,TestPass@123
shoptest_0791,shoptest_0791@test.com,TestPass@123
shoptest_0792,shoptest_0792@test.com,TestPass@123
shoptest_0793,shoptest_0793@test.com,TestPass@123
shoptest_0794,shoptest_0794@test.com,TestPass@123
shoptest_0795,shoptest_0795@test.com,TestPass@123
shoptest_0796,shoptest_0796@test.com,TestPass@123
shoptest_0797,shoptest_0797@test.com,TestPass@123
shoptest_0798,shoptest_0798@test.com,TestPass@123
shoptest_0799,shoptest_0799@test.com,TestPass@123
shoptest_0800,shoptest_0800@test.com,TestPass@123
shoptest_0801,shoptest_0801@test.com,TestPass@123
shoptest_0802,shoptest_0802@test.com,TestPass@123
shoptest_0803,shoptest_0803@test.com,TestPass@123
shoptest_0804,shoptest_0804@test.com,TestPass@123
shoptest_0805,shoptest_0805@test.com,TestPass@123
shoptest_0806,shoptest_0806@test.com,TestPass@123
shoptest_0807,shoptest_0807@test.com,TestPass@123
shoptest_0808,shoptest_0808@test.com,TestPass@123
shoptest_0809,shoptest_0809@test.com,TestPass@123
shoptest_0810,shoptest_0810@test.com,TestPass@123
shoptest_0811,shoptest_0811@test.com,TestPass@123
shoptest_0812,shoptest_0812@test.com,TestPass@123
shoptest_0813,shoptest_0813@test.com,TestPass@123
shoptest_0814,shoptest_0814@test.com,TestPass@123
shoptest_0815,shoptest_0815@test.com,TestPass@123
shoptest_0816,shoptest_0816@test.com,TestPass@123
shoptest_0817,shoptest_0817@test.com,TestPass@123
shoptest_0818,shoptest_0818@test.com,TestPass@123
shoptest_0819,shoptest_0819@test.com,TestPass@123
shoptest_0820,shoptest_0820@test.com,TestPass@123
shoptest_0821,shoptest_0821@test.com,TestPass@123
shoptest_0822,shoptest_0822@test.com,TestPass@123
shoptest_0823,shoptest_0823@test.com,TestPass@123
shoptest_0824,shoptest_0824@test.com,TestPass@123
shoptest_0825,shoptest_0825@test.com,TestPass@123
shoptest_0826,shoptest_0826@test.com,TestPass@123
shoptest_0827,shoptest_0827@test.com,TestPass@123
shoptest_0828,shoptest_0828@test.com,TestPass@123
shoptest_0829,shoptest_0829@test.com,TestPass@123
shoptest_0830,shoptest_0830@test.com,TestPass@123
shoptest_0831,shoptest_0831@test.com,TestPass@123
shoptest_0832,shoptest_0832@test.com,TestPass@123
shoptest_0833,shoptest_0833@test.com,TestPass@123
shoptest_0834,shoptest_0834@test.com,TestPass@123
shoptest_0835,shoptest_0835@test.com,TestPass@123
shoptest_0836,shoptest_0836@test.com,TestPass@123
shoptest_0837,shoptest_0837@test.com,TestPass@123
shoptest_0838,shoptest_0838@test.com,TestPass@123
shoptest_0839,shoptest_0839@test.com,TestPass@123
shoptest_0840,shoptest_0840@test.com,TestPass@123
shoptest_0841,shoptest_0841@test.com,TestPass@123
shoptest_0842,shoptest_0842@test.com,TestPass@123
shoptest_0843,shoptest_0843@test.com,TestPass@123
shoptest_0844,shoptest_0844@test.com,TestPass@123
shoptest_0845,shoptest_0845@test.com,TestPass@123
shoptest_0846,shoptest_0846@test.com,TestPass@123
shoptest_0847,shoptest_0847@test.com,TestPass@123
shoptest_0848,shoptest_0848@test.com,TestPass@123
shoptest_0849,shoptest_0849@test.com,TestPass@123
shoptest_0850,shoptest_0850@test.com,TestPass@123
shoptest_0851,shoptest_0851@test.com,TestPass@123
shoptest_0852,shoptest_0852@test.com,TestPass@123
shoptest_0853,shoptest_0853@test.com,TestPass@123
shoptest_0854,shoptest_0854@test.com,TestPass@123
shoptest_0855,shoptest_0855@test.com,TestPass@123
shoptest_0856,shoptest_0856@test.com,TestPass@123
shoptest_0857,shoptest_0857@test.com,TestPass@123
shoptest_0858,shoptest_0858@test.com,TestPass@123
shoptest_0859,shoptest_0859@test.com,TestPass@123
shoptest_0860,shoptest_0860@test.com,TestPass@123
shoptest_0861,shoptest_0861@test.com,TestPass@123
shoptest_0862,shoptest_0862@test.com,TestPass@123
shoptest_0863,shoptest_0863@test.com,TestPass@123
shoptest_0864,shoptest_0864@test.com,TestPass@123
shoptest_0865,shoptest_0865@test.com,TestPass@123
shoptest_0866,shoptest_0866@test.com,TestPass@123
shoptest_0867,shoptest_0867@test.com,TestPass@123
shoptest_0868,shoptest_0868@test.com,TestPass@123
shoptest_0869,shoptest_0869@test.com,TestPass@123
shoptest_0870,shoptest_0870@test.com,TestPass@123
shoptest_0871,shoptest_0871@test.com,TestPass@123
shoptest_0872,shoptest_0872@test.com,TestPass@123
shoptest_0873,shoptest_0873@test.com,TestPass@123
shoptest_0874,shoptest_0874@test.com,TestPass@123
shoptest_0875,shoptest_0875@test.com,TestPass@123
shoptest_0876,shoptest_0876@test.com,TestPass@123
shoptest_0877,shoptest_0877@test.com,TestPass@123
shoptest_0878,shoptest_0878@test.com,TestPass@123
shoptest_0879,shoptest_0879@test.com,TestPass@123
shoptest_0880,shoptest_0880@test.com,TestPass@123
shoptest_0881,shoptest_0881@test.com,TestPass@123
shoptest_0882,shoptest_0882@test.com,TestPass@123
shoptest_0883,shoptest_0883@test.com,TestPass@123
shoptest_0884,shoptest_0884@test.com,TestPass@123
shoptest_0885,shoptest_0885@test.com,TestPass@123
shoptest_0886,shoptest_0886@test.com,TestPass@123
shoptest_0887,shoptest_0887@test.com,TestPass@123
shoptest_0888,shoptest_0888@test.com,TestPass@123
shoptest_0889,shoptest_0889@test.com,TestPass@123
shoptest_0890,shoptest_0890@test.com,TestPass@123
shoptest_0891,shoptest_0891@test.com,TestPass@123
shoptest_0892,shoptest_0892@test.com,TestPass@123
shoptest_0893,shoptest_0893@test.com,TestPass@123
shoptest_0894,shoptest_0894@test.com,TestPass@123
shoptest_0895,shoptest_0895@test.com,TestPass@123
shoptest_0896,shoptest_0896@test.com,TestPass@123
shoptest_0897,shoptest_0897@test.com,TestPass@123
shoptest_0898,shoptest_0898@test.com,TestPass@123
shoptest_0899,shoptest_0899@test.com,TestPass@123
shoptest_0900,shoptest_0900@test.com,TestPass@123
shoptest_0901,shoptest_0901@test.com,TestPass@123
shoptest_0902,shoptest_0902@test.com,TestPass@123
shoptest_0903,shoptest_0903@test.com,TestPass@123
shoptest_0904,shoptest_0904@test.com,TestPass@123
shoptest_0905,shoptest_0905@test.com,TestPass@123
shoptest_0906,shoptest_0906@test.com,TestPass@123
shoptest_0907,shoptest_0907@test.com,TestPass@123
shoptest_0908,shoptest_0908@test.com,TestPass@123
shoptest_0909,shoptest_0909@test.com,TestPass@123
shoptest_0910,shoptest_0910@test.com,TestPass@123
shoptest_0911,shoptest_0911@test.com,TestPass@123
shoptest_0912,shoptest_0912@test.com,TestPass@123
shoptest_0913,shoptest_0913@test.com,TestPass@123
shoptest_0914,shoptest_0914@test.com,TestPass@123
shoptest_0915,shoptest_0915@test.com,TestPass@123
shoptest_0916,shoptest_0916@test.com,TestPass@123
shoptest_0917,shoptest_0917@test.com,TestPass@123
shoptest_0918,shoptest_0918@test.com,TestPass@123
shoptest_0919,shoptest_0919@test.com,TestPass@123
shoptest_0920,shoptest_0920@test.com,TestPass@123
shoptest_0921,shoptest_0921@test.com,TestPass@123
shoptest_0922,shoptest_0922@test.com,TestPass@123
shoptest_0923,shoptest_0923@test.com,TestPass@123
shoptest_0924,shoptest_0924@test.com,TestPass@123
shoptest_0925,shoptest_0925@test.com,TestPass@123
shoptest_0926,shoptest_0926@test.com,TestPass@123
shoptest_0927,shoptest_0927@test.com,TestPass@123
shoptest_0928,shoptest_0928@test.com,TestPass@123
shoptest_0929,shoptest_0929@test.com,TestPass@123
shoptest_0930,shoptest_0930@test.com,TestPass@123
shoptest_0931,shoptest_0931@test.com,TestPass@123
shoptest_0932,shoptest_0932@test.com,TestPass@123
shoptest_0933,shoptest_0933@test.com,TestPass@123
shoptest_0934,shoptest_0934@test.com,TestPass@123
shoptest_0935,shoptest_0935@test.com,TestPass@123
shoptest_0936,shoptest_0936@test.com,TestPass@123
shoptest_0937,shoptest_0937@test.com,TestPass@123
shoptest_0938,shoptest_0938@test.com,TestPass@123
shoptest_0939,shoptest_0939@test.com,TestPass@123
shoptest_0940,shoptest_0940@test.com,TestPass@123
shoptest_0941,shoptest_0941@test.com,TestPass@123
shoptest_0942,shoptest_0942@test.com,TestPass@123
shoptest_0943,shoptest_0943@test.com,TestPass@123
shoptest_0944,shoptest_0944@test.com,TestPass@123
shoptest_0945,shoptest_0945@test.com,TestPass@123
shoptest_0946,shoptest_0946@test.com,TestPass@123
shoptest_0947,shoptest_0947@test.com,TestPass@123
shoptest_0948,shoptest_0948@test.com,TestPass@123
shoptest_0949,shoptest_0949@test.com,TestPass@123
shoptest_0950,shoptest_0950@test.com,TestPass@123
shoptest_0951,shoptest_0951@test.com,TestPass@123
shoptest_0952,shoptest_0952@test.com,TestPass@123
shoptest_0953,shoptest_0953@test.com,TestPass@123
shoptest_0954,shoptest_0954@test.com,TestPass@123
shoptest_0955,shoptest_0955@test.com,TestPass@123
shoptest_0956,shoptest_0956@test.com,TestPass@123
shoptest_0957,shoptest_0957@test.com,TestPass@123
shoptest_0958,shoptest_0958@test.com,TestPass@123
shoptest_0959,shoptest_0959@test.com,TestPass@123
shoptest_0960,shoptest_0960@test.com,TestPass@123
shoptest_0961,shoptest_0961@test.com,TestPass@123
shoptest_0962,shoptest_0962@test.com,TestPass@123
shoptest_0963,shoptest_0963@test.com,TestPass@123
shoptest_0964,shoptest_0964@test.com,TestPass@123
shoptest_0965,shoptest_0965@test.com,TestPass@123
shoptest_0966,shoptest_0966@test.com,TestPass@123
shoptest_0967,shoptest_0967@test.com,TestPass@123
shoptest_0968,shoptest_0968@test.com,TestPass@123
shoptest_0969,shoptest_0969@test.com,TestPass@123
shoptest_0970,shoptest_0970@test.com,TestPass@123
shoptest_0971,shoptest_0971@test.com,TestPass@123
shoptest_0972,shoptest_0972@test.com,TestPass@123
shoptest_0973,shoptest_0973@test.com,TestPass@123
shoptest_0974,shoptest_0974@test.com,TestPass@123
shoptest_0975,shoptest_0975@test.com,TestPass@123
shoptest_0976,shoptest_0976@test.com,TestPass@123
shoptest_0977,shoptest_0977@test.com,TestPass@123
shoptest_0978,shoptest_0978@test.com,TestPass@123
shoptest_0979,shoptest_0979@test.com,TestPass@123
shoptest_0980,shoptest_0980@test.com,TestPass@123
shoptest_0981,shoptest_0981@test.com,TestPass@123
shoptest_0982,shoptest_0982@test.com,TestPass@123
shoptest_0983,shoptest_0983@test.com,TestPass@123
shoptest_0984,shoptest_0984@test.com,TestPass@123
shoptest_0985,shoptest_0985@test.com,TestPass@123
shoptest_0986,shoptest_0986@test.com,TestPass@123
shoptest_0987,shoptest_0987@test.com,TestPass@123
shoptest_0988,shoptest_0988@test.com,TestPass@123
shoptest_0989,shoptest_0989@test.com,TestPass@123
shoptest_0990,shoptest_0990@test.com,TestPass@123
shoptest_0991,shoptest_0991@test.com,TestPass@123
shoptest_0992,shoptest_0992@test.com,TestPass@123
shoptest_0993,shoptest_0993@test.com,TestPass@123
shoptest_0994,shoptest_0994@test.com,TestPass@123
shoptest_0995,shoptest_0995@test.com,TestPass@123
shoptest_0996,shoptest_0996@test.com,TestPass@123
shoptest_0997,shoptest_0997@test.com,TestPass@123
shoptest_0998,shoptest_0998@test.com,TestPass@123
shoptest_0999,shoptest_0999@test.com,TestPass@123
shoptest_1000,shoptest_1000@test.com,TestPass@123
